sequence,split,method,protocol,tp,fp,fn,precision,recall,f1,frames
8,calibration,baseline,center,2341,267,477,0.8976226993865031,0.8307310149041873,0.8628824179874678,3141
8,calibration,persistence,center,2227,25,591,0.988898756660746,0.7902767920511,0.8785009861932939,3141
8,calibration,area9,center,1948,13,870,0.9933707292197859,0.6912704045422285,0.8152333124084536,3141
8,calibration,raw3,center,2224,25,594,0.9888839484215207,0.7892122072391767,0.8778369844089204,3141
20,calibration,baseline,center,2542,1091,451,0.6996972199284338,0.8493150684931506,0.7672804105040748,3380
20,calibration,persistence,center,2390,231,603,0.9118657001144601,0.7985299031072502,0.8514428215176345,3380
20,calibration,area9,center,2154,243,839,0.8986232790988736,0.7196792515870364,0.7992578849721707,3380
20,calibration,raw3,center,2390,30,603,0.987603305785124,0.7985299031072502,0.883059301681138,3380
51,holdout,baseline,center,4212,1850,1633,0.6948201913559882,0.7206159110350727,0.7074829931972789,3220
51,holdout,persistence,center,3821,1134,2024,0.7711402623612512,0.653721129170231,0.7075925925925926,3220
51,holdout,area9,center,3225,817,2620,0.7978723404255319,0.5517536355859709,0.652371801355315,3220
51,holdout,raw3,center,3756,1160,2089,0.7640358014646054,0.6426005132591959,0.6980763869528854,3220
65,holdout,baseline,center,3947,919,1957,0.8111385121249486,0.668529810298103,0.7329619312906221,3433
65,holdout,persistence,center,3656,255,2248,0.9347992840705702,0.6192411924119241,0.744982170147733,3433
65,holdout,area9,center,3290,148,2614,0.9569517161140197,0.5572493224932249,0.7043459644615714,3433
65,holdout,raw3,center,3619,215,2285,0.9439227960354721,0.6129742547425474,0.7432737728486342,3433
93,holdout,baseline,center,3109,2290,104,0.575847379144286,0.9676314970432618,0.7220157919182536,3336
93,holdout,persistence,center,3022,1149,191,0.7245264924478543,0.9405539993775288,0.8185265438786565,3336
93,holdout,area9,center,2974,906,239,0.7664948453608248,0.9256146903205726,0.8385732412237418,3336
93,holdout,raw3,center,2974,1198,239,0.7128475551294343,0.9256146903205726,0.805416384563304,3336
