split,method,frames,tp,fp,fn,precision,recall,f1
calibration,baseline,6521,4883,1358,928,0.7824066655984618,0.8403028738599209,0.8103219382675074
calibration,persistence,6521,4617,256,1194,0.9474656269238662,0.7945276200309758,0.8642830400599026
calibration,area9,6521,4102,256,1709,0.9412574575493345,0.7059025985200482,0.8067656603402498
calibration,raw3,6521,4614,55,1197,0.9882201756264725,0.7940113577697471,0.8805343511450382
holdout,baseline,9989,11268,5059,3694,0.6901451583266981,0.7531078732789734,0.7202531241011219
holdout,persistence,9989,10499,2538,4463,0.8053233105775869,0.7017110012030477,0.7499553555484124
holdout,area9,9989,9489,1871,5473,0.8352992957746479,0.6342066568640556,0.7209938454524732
holdout,raw3,9989,10349,2573,4613,0.8008822163751741,0.6916856035289399,0.7422894850093243
all,baseline,16510,16151,6417,4622,0.7156593406593407,0.777499638954412,0.7452989086546227
all,persistence,16510,15116,2794,5657,0.8439977666108319,0.7276753478072499,0.7815319390946928
all,area9,16510,13591,2127,7182,0.8646774398778471,0.6542627449092572,0.7448960017538571
all,raw3,16510,14963,2628,5810,0.850605423227787,0.7203100178115823,0.7800542174955688
