source_file,window_id,t_start_sec,t_end_sec,label,bbox_x0,bbox_y0,bbox_x1,bbox_y1,bbox_w,bbox_h,bbox_area_px,segmentation_area_px,event_count,saliency_score,periodicity_score,density_has_peak,density_has_valley,structure_has_peak,structure_has_valley,direction_has_peak,direction_has_valley,gaussian_consistency,propeller_component_count,latency_ms
FRED/8.zip,0,0.007488,0.037488,propeller_1,780,208,782,210,2,2,4,3,14,637.5,5,1,1,1,1,1,0,0.9961721118595004,1,149.10904201678932
FRED/8.zip,0,0.007488,0.037488,propeller_2,77,196,79,199,2,3,6,4,28,484.5,5,1,0,1,1,1,1,0.8645975765475629,1,149.10904201678932
FRED/8.zip,1,0.037488,0.06748799999999999,propeller_1,374,313,384,324,10,11,110,7,529,2575.5,4,1,0,1,1,1,0,0.9322847874030434,1,150.15808294992894
FRED/8.zip,1,0.037488,0.06748799999999999,propeller_2,355,215,359,219,4,4,16,7,104,1887.0,5,1,0,1,1,1,1,0.8744701155569579,1,150.15808294992894
FRED/8.zip,1,0.037488,0.06748799999999999,propeller_3,808,208,810,215,2,7,14,9,68,1657.5,6,1,1,1,1,1,1,0.9338186795769123,1,150.15808294992894
FRED/8.zip,1,0.037488,0.06748799999999999,propeller_4,797,206,799,209,2,3,6,3,31,1071.0,5,1,0,1,1,1,1,0.999971998258524,1,150.15808294992894
FRED/8.zip,2,0.06748799999999999,0.09748799999999999,propeller_1,2,150,60,293,58,143,8294,715,53083,138337.5,3,1,0,1,0,1,0,0.9068304108673924,1,178.26487496495247
FRED/8.zip,2,0.06748799999999999,0.09748799999999999,propeller_2,687,184,706,197,19,13,247,38,1287,8772.0,4,1,1,1,0,1,0,0.8948133968323969,1,178.26487496495247
FRED/8.zip,2,0.06748799999999999,0.09748799999999999,propeller_3,444,293,461,308,17,15,255,31,2192,7777.5,4,1,1,1,0,1,0,0.9230157381515193,1,178.26487496495247
FRED/8.zip,2,0.06748799999999999,0.09748799999999999,propeller_4,664,187,675,204,11,17,187,19,732,4921.5,4,1,0,1,1,1,0,0.9171391023133971,1,178.26487496495247
FRED/8.zip,3,0.09748799999999999,0.127488,propeller_1,34,114,139,294,105,180,18900,1629,100022,297202.5,3,1,0,1,0,1,0,0.9002599988628995,1,208.4355829283595
FRED/8.zip,3,0.09748799999999999,0.127488,propeller_2,393,707,537,720,144,13,1872,403,7757,44140.5,3,1,0,1,0,1,0,0.9036357227419677,1,208.4355829283595
FRED/8.zip,3,0.09748799999999999,0.127488,propeller_3,287,240,338,272,51,32,1632,181,11103,33583.5,5,1,0,1,1,1,1,0.8918805542392108,1,208.4355829283595
FRED/8.zip,3,0.09748799999999999,0.127488,propeller_4,721,172,775,194,54,22,1188,115,5353,24352.5,3,1,0,1,0,1,0,0.9130434803199842,1,208.4355829283595
FRED/8.zip,4,0.127488,0.157488,propeller_1,79,98,446,281,367,183,67161,5007,343843,1080103.5,3,1,0,1,0,1,0,0.8958674752365443,1,355.1046249922365
FRED/8.zip,4,0.127488,0.157488,propeller_2,423,675,682,720,259,45,11655,4679,57669,424779.0,3,1,0,0,1,1,0,0.890279862798477,1,355.1046249922365
FRED/8.zip,4,0.127488,0.157488,propeller_3,788,686,1038,720,250,34,8500,3163,43051,281061.0,3,1,0,0,1,1,0,0.8871149065057353,1,355.1046249922365
FRED/8.zip,5,0.157488,0.187488,propeller_1,129,73,749,267,620,194,120280,11566,579093,2101659.0,3,1,0,0,1,1,0,0.8907829972284445,1,537.3913330258802
FRED/8.zip,5,0.157488,0.187488,propeller_2,864,652,1134,720,270,68,18360,8505,107972,773721.0,4,1,0,1,1,1,0,0.8913985402823911,1,537.3913330258802
FRED/8.zip,5,0.157488,0.187488,propeller_3,514,636,787,707,273,71,19383,7947,84345,691993.5,3,1,0,0,1,1,0,0.895294887902741,1,537.3913330258802
FRED/8.zip,5,0.157488,0.187488,propeller_4,862,135,1083,270,221,135,29835,1997,141735,432429.0,4,1,1,1,0,1,0,0.8976552331418673,1,537.3913330258802
FRED/8.zip,6,0.187488,0.217488,propeller_1,247,46,877,241,630,195,122850,20881,592864,2691984.0,3,1,0,0,1,1,0,0.8926054078334736,1,585.7419170206413
FRED/8.zip,6,0.187488,0.217488,propeller_2,941,55,1280,257,339,202,68478,6006,303579,1082322.0,3,1,0,0,1,1,0,0.8957296327718527,1,585.7419170206413
FRED/8.zip,6,0.187488,0.217488,propeller_3,965,615,1246,690,281,75,21075,9340,95534,847008.0,4,1,0,1,1,1,0,0.8908244226735316,1,585.7419170206413
FRED/8.zip,7,0.217488,0.24748799999999999,propeller_1,401,20,1017,212,616,192,118272,27345,555812,2960703.0,3,1,0,0,1,1,0,0.8923759227794219,1,503.4736670786515
FRED/8.zip,7,0.217488,0.24748799999999999,propeller_2,750,557,1038,627,288,70,20160,9733,88771,884493.0,4,1,0,1,1,1,0,0.8959933976811251,1,503.4736670786515
FRED/8.zip,7,0.217488,0.24748799999999999,propeller_3,1061,36,1280,225,219,189,41391,6077,198933,863659.5,4,1,0,0,1,1,1,0.8932346499733881,1,503.4736670786515
FRED/8.zip,7,0.217488,0.24748799999999999,propeller_4,1089,581,1280,652,191,71,13561,7152,53405,662566.5,3,1,0,0,1,1,0,0.8948782528090188,1,503.4736670786515
FRED/8.zip,8,0.24748799999999999,0.27748799999999996,propeller_1,572,3,1197,200,625,197,123125,32383,536196,3213561.0,3,1,0,0,1,1,0,0.8867960503084908,1,436.7006670217961
FRED/8.zip,8,0.24748799999999999,0.27748799999999996,propeller_2,895,521,1192,591,297,70,20790,9696,75109,930903.0,4,1,0,1,1,1,0,0.8922524192688034,1,436.7006670217961
FRED/8.zip,8,0.24748799999999999,0.27748799999999996,propeller_3,585,496,816,567,231,71,16401,4287,38521,381352.5,3,1,0,0,1,1,0,0.899464203427311,1,436.7006670217961
FRED/8.zip,8,0.24748799999999999,0.27748799999999996,propeller_4,1222,14,1280,118,58,104,6032,1536,24388,160930.5,6,1,1,1,1,1,1,0.892201982885337,1,436.7006670217961
FRED/8.zip,9,0.27748799999999996,0.307488,propeller_1,714,0,1280,169,566,169,95654,38394,498086,3363603.0,3,1,0,0,1,1,0,0.8951363962912671,1,560.4691250482574
FRED/8.zip,9,0.27748799999999996,0.307488,propeller_2,0,153,212,600,212,447,94764,8890,507611,1815957.0,3,1,0,1,0,1,0,0.9006150207052259,1,560.4691250482574
FRED/8.zip,9,0.27748799999999996,0.307488,propeller_3,1056,500,1280,557,224,57,12768,7678,46339,753142.5,3,1,0,0,1,1,0,0.8882725986355623,1,560.4691250482574
FRED/8.zip,9,0.27748799999999996,0.307488,propeller_4,751,472,983,524,232,52,12064,4749,32074,416491.5,4,1,0,1,1,1,0,0.9178691494801545,1,560.4691250482574
FRED/8.zip,10,0.307488,0.337488,propeller_1,892,0,1280,152,388,152,58976,33271,367482,2703229.5,3,1,0,0,1,1,0,0.8943461569317525,1,472.21645805984735
FRED/8.zip,10,0.307488,0.337488,propeller_2,190,125,434,580,244,455,111020,10130,409642,1888402.5,3,1,0,1,0,1,0,0.8924638483812962,1,472.21645805984735
FRED/8.zip,10,0.307488,0.337488,propeller_3,937,459,1179,502,242,43,10406,5038,31842,437427.0,3,1,0,0,1,1,0,0.8941378977610479,1,472.21645805984735
FRED/8.zip,10,0.307488,0.337488,propeller_4,1237,495,1280,528,43,33,1419,635,3256,55156.5,3,1,0,0,1,1,0,0.9053083952897509,1,472.21645805984735
FRED/8.zip,11,0.337488,0.36748800000000004,propeller_1,394,140,662,564,268,424,113632,16218,374878,2522817.0,3,1,0,1,0,1,0,0.8879502763298115,1,395.04112489521503
FRED/8.zip,11,0.337488,0.36748800000000004,propeller_2,1082,0,1280,140,198,140,27720,13750,159198,1197837.0,4,1,0,0,1,1,1,0.8844832390644727,1,395.04112489521503
FRED/8.zip,11,0.337488,0.36748800000000004,propeller_3,1137,455,1280,488,143,33,4719,2898,16688,245590.5,3,1,0,0,1,1,0,0.8767133772840894,1,395.04112489521503
