window_id,timestamp,baseline_detections,accepted,active_tracks,persistence_ms
0,0.037488,2,0,2,0.05491694901138544
1,0.06748799999999999,4,0,5,0.08187501225620508
2,0.09748799999999999,4,0,9,0.061959028244018555
3,0.127488,4,0,12,0.04908395931124687
4,0.157488,3,0,11,0.04487507976591587
5,0.187488,4,0,11,0.047332956455647945
6,0.217488,3,0,10,0.03591598942875862
7,0.24748799999999999,4,0,11,0.05020794924348593
8,0.27748799999999996,4,0,11,0.06745907012373209
9,0.307488,4,0,12,0.041624996811151505
10,0.337488,4,0,12,0.0422910088673234
11,0.36748800000000004,3,0,11,0.03562506753951311
