sequence,method,protocol,tp,fp,fn,precision,recall,f1,frames
8,baseline,iou40,3,2605,2815,0.0011503067484662577,0.0010645848119233499,0.0011057869517139699,3141
8,baseline,iou50,1,2607,2817,0.0003834355828220859,0.00035486160397445,0.00036859565057132326,3141
8,baseline,center,2341,267,477,0.8976226993865031,0.8307310149041873,0.8628824179874678,3141
8,persistence,iou40,2,2250,2816,0.0008880994671403197,0.0007097232079489,0.0007889546351084812,3141
8,persistence,iou50,1,2251,2817,0.0004440497335701599,0.00035486160397445,0.0003944773175542406,3141
8,persistence,center,2227,25,591,0.988898756660746,0.7902767920511,0.8785009861932939,3141
8,script,iou40,0,612,2818,0.0,0.0,0.0,3141
8,script,iou50,0,612,2818,0.0,0.0,0.0,3141
8,script,center,582,30,2236,0.9509803921568627,0.20652945351312987,0.33935860058309036,3141
