timestamp,detection_index,track_id,center,bbox,saliency_score,periodicity_score,event_count,neighborhood_score,trajectory_score,persistence_score,accepted,reason,track_state,age,hit_count,miss_count,association_distance,association_prediction,gate_radius,effective_weights,trajectory_valid,neighborhood_valid,history,velocity,speed,predicted_center,prediction_error,normalized_error,direction_change,acceleration,acceleration_norm,window_id,baseline_label
0.037488,0,2,"[781.0, 209.0]","[780.0, 208.0, 782.0, 210.0]",637.5,5.0,14,0.20618288168419255,,0.20618288168419255,False,below_threshold,Tentative,1,1,0,,,,{},False,True,"[[781.0, 209.0]]",,,,,,,,,0,propeller_1
0.037488,1,1,"[78.0, 197.5]","[77.0, 196.0, 79.0, 199.0]",484.5,5.0,28,0.20618288168419255,,0.20618288168419255,False,below_threshold,Tentative,1,1,0,,,,{},False,True,"[[78.0, 197.5]]",,,,,,,,,0,propeller_2
0.06748799999999999,0,4,"[379.0, 318.5]","[374.0, 313.0, 384.0, 324.0]",2575.5,4.0,529,0.20618288168419255,,0.20618288168419255,False,below_threshold,Tentative,1,1,0,,,,{},False,True,"[[379.0, 318.5]]",,,,,,,,,1,propeller_1
0.06748799999999999,1,3,"[357.0, 217.0]","[355.0, 215.0, 359.0, 219.0]",1887.0,5.0,104,0.20618288168419255,,0.20618288168419255,False,below_threshold,Tentative,1,1,0,,,,{},False,True,"[[357.0, 217.0]]",,,,,,,,,1,propeller_2
0.06748799999999999,2,5,"[809.0, 211.5]","[808.0, 208.0, 810.0, 215.0]",1657.5,6.0,68,0.20618288168419255,,0.20618288168419255,False,below_threshold,Tentative,1,1,0,,,,{},False,True,"[[809.0, 211.5]]",,,,,,,,,1,propeller_3
0.06748799999999999,3,2,"[798.0, 207.5]","[797.0, 206.0, 799.0, 209.0]",1071.0,5.0,31,0.38143833111575626,,0.38143833111575626,False,below_threshold,Tentative,2,2,0,17.066048165876012,"[781.0, 209.0]",40.0,{},False,True,"[[781.0, 209.0], [798.0, 207.5]]","[566.6666666666669, -50.000000000000014]",568.8682721958672,,,,,,,1,propeller_4
0.09748799999999999,0,6,"[31.0, 221.5]","[2.0, 150.0, 60.0, 293.0]",138337.5,3.0,53083,0.20618288168419255,,0.20618288168419255,False,below_threshold,Tentative,1,1,0,,,,{},False,True,"[[31.0, 221.5]]",,,,,,,,,2,propeller_1
0.09748799999999999,1,9,"[696.5, 190.5]","[687.0, 184.0, 706.0, 197.0]",8772.0,4.0,1287,0.20618288168419255,,0.20618288168419255,False,below_threshold,Tentative,1,1,0,,,,{},False,True,"[[696.5, 190.5]]",,,,,,,,,2,propeller_2
0.09748799999999999,2,7,"[452.5, 300.5]","[444.0, 293.0, 461.0, 308.0]",7777.5,4.0,2192,0.20618288168419255,,0.20618288168419255,False,below_threshold,Tentative,1,1,0,,,,{},False,True,"[[452.5, 300.5]]",,,,,,,,,2,propeller_3
0.09748799999999999,3,8,"[669.5, 195.5]","[664.0, 187.0, 675.0, 204.0]",4921.5,4.0,732,0.20618288168419255,,0.20618288168419255,False,below_threshold,Tentative,1,1,0,,,,{},False,True,"[[669.5, 195.5]]",,,,,,,,,2,propeller_4
0.127488,0,1,"[86.5, 204.0]","[34.0, 114.0, 139.0, 294.0]",297202.5,3.0,100022,0.3328049438984973,,0.3328049438984973,False,below_threshold,Tentative,4,2,0,10.700467279516348,"[78.0, 197.5]",40.0,{},False,True,"[[78.0, 197.5], [86.5, 204.0]]","[94.44444444444444, 72.22222222222223]",118.89408088351499,,,,,,,3,propeller_1
0.127488,1,11,"[465.0, 713.5]","[393.0, 707.0, 537.0, 720.0]",44140.5,3.0,7757,0.20618288168419255,,0.20618288168419255,False,below_threshold,Tentative,1,1,0,,,,{},False,True,"[[465.0, 713.5]]",,,,,,,,,3,propeller_2
0.127488,2,10,"[312.5, 256.0]","[287.0, 240.0, 338.0, 272.0]",33583.5,5.0,11103,0.20618288168419255,,0.20618288168419255,False,below_threshold,Tentative,1,1,0,,,,{},False,True,"[[312.5, 256.0]]",,,,,,,,,3,propeller_3
0.127488,3,12,"[748.0, 183.0]","[721.0, 172.0, 775.0, 194.0]",24352.5,3.0,5353,0.20618288168419255,,0.20618288168419255,False,below_threshold,Tentative,1,1,0,,,,{},False,True,"[[748.0, 183.0]]",,,,,,,,,3,propeller_4
0.157488,0,13,"[262.5, 189.5]","[79.0, 98.0, 446.0, 281.0]",1080103.5,3.0,343843,0.20618288168419255,,0.20618288168419255,False,below_threshold,Tentative,1,1,0,,,,{},False,True,"[[262.5, 189.5]]",,,,,,,,,4,propeller_1
0.157488,1,14,"[552.5, 697.5]","[423.0, 675.0, 682.0, 720.0]",424779.0,3.0,57669,0.20618288168419255,,0.20618288168419255,False,below_threshold,Tentative,1,1,0,,,,{},False,True,"[[552.5, 697.5]]",,,,,,,,,4,propeller_2
0.157488,2,15,"[913.0, 703.0]","[788.0, 686.0, 1038.0, 720.0]",281061.0,3.0,43051,0.20618288168419255,,0.20618288168419255,False,below_threshold,Tentative,1,1,0,,,,{},False,True,"[[913.0, 703.0]]",,,,,,,,,4,propeller_3
0.187488,0,16,"[439.0, 170.0]","[129.0, 73.0, 749.0, 267.0]",2101659.0,3.0,579093,0.20618288168419255,,0.20618288168419255,False,below_threshold,Tentative,1,1,0,,,,{},False,True,"[[439.0, 170.0]]",,,,,,,,,5,propeller_1
0.187488,1,19,"[999.0, 686.0]","[864.0, 652.0, 1134.0, 720.0]",773721.0,4.0,107972,0.20618288168419255,,0.20618288168419255,False,below_threshold,Tentative,1,1,0,,,,{},False,True,"[[999.0, 686.0]]",,,,,,,,,5,propeller_2
0.187488,2,17,"[650.5, 671.5]","[514.0, 636.0, 787.0, 707.0]",691993.5,3.0,84345,0.20618288168419255,,0.20618288168419255,False,below_threshold,Tentative,1,1,0,,,,{},False,True,"[[650.5, 671.5]]",,,,,,,,,5,propeller_3
0.187488,3,18,"[972.5, 202.5]","[862.0, 135.0, 1083.0, 270.0]",432429.0,4.0,141735,0.20618288168419255,,0.20618288168419255,False,below_threshold,Tentative,1,1,0,,,,{},False,True,"[[972.5, 202.5]]",,,,,,,,,5,propeller_4
0.217488,0,20,"[562.0, 143.5]","[247.0, 46.0, 877.0, 241.0]",2691984.0,3.0,592864,0.20618288168419255,,0.20618288168419255,False,below_threshold,Tentative,1,1,0,,,,{},False,True,"[[562.0, 143.5]]",,,,,,,,,6,propeller_1
0.217488,1,21,"[1110.5, 156.0]","[941.0, 55.0, 1280.0, 257.0]",1082322.0,3.0,303579,0.20618288168419255,,0.20618288168419255,False,below_threshold,Tentative,1,1,0,,,,{},False,True,"[[1110.5, 156.0]]",,,,,,,,,6,propeller_2
0.217488,2,22,"[1105.5, 652.5]","[965.0, 615.0, 1246.0, 690.0]",847008.0,4.0,95534,0.20618288168419255,,0.20618288168419255,False,below_threshold,Tentative,1,1,0,,,,{},False,True,"[[1105.5, 652.5]]",,,,,,,,,6,propeller_3
0.24748799999999999,0,23,"[709.0, 116.0]","[401.0, 20.0, 1017.0, 212.0]",2960703.0,3.0,555812,0.20618288168419255,,0.20618288168419255,False,below_threshold,Tentative,1,1,0,,,,{},False,True,"[[709.0, 116.0]]",,,,,,,,,7,propeller_1
0.24748799999999999,1,24,"[894.0, 592.0]","[750.0, 557.0, 1038.0, 627.0]",884493.0,4.0,88771,0.20618288168419255,,0.20618288168419255,False,below_threshold,Tentative,1,1,0,,,,{},False,True,"[[894.0, 592.0]]",,,,,,,,,7,propeller_2
0.24748799999999999,2,25,"[1170.5, 130.5]","[1061.0, 36.0, 1280.0, 225.0]",863659.5,4.0,198933,0.20618288168419255,,0.20618288168419255,False,below_threshold,Tentative,1,1,0,,,,{},False,True,"[[1170.5, 130.5]]",,,,,,,,,7,propeller_3
0.24748799999999999,3,26,"[1184.5, 616.5]","[1089.0, 581.0, 1280.0, 652.0]",662566.5,3.0,53405,0.20618288168419255,,0.20618288168419255,False,below_threshold,Tentative,1,1,0,,,,{},False,True,"[[1184.5, 616.5]]",,,,,,,,,7,propeller_4
0.27748799999999996,0,27,"[884.5, 101.5]","[572.0, 3.0, 1197.0, 200.0]",3213561.0,3.0,536196,0.20618288168419255,,0.20618288168419255,False,below_threshold,Tentative,1,1,0,,,,{},False,True,"[[884.5, 101.5]]",,,,,,,,,8,propeller_1
0.27748799999999996,1,29,"[1043.5, 556.0]","[895.0, 521.0, 1192.0, 591.0]",930903.0,4.0,75109,0.20618288168419255,,0.20618288168419255,False,below_threshold,Tentative,1,1,0,,,,{},False,True,"[[1043.5, 556.0]]",,,,,,,,,8,propeller_2
0.27748799999999996,2,28,"[700.5, 531.5]","[585.0, 496.0, 816.0, 567.0]",381352.5,3.0,38521,0.20618288168419255,,0.20618288168419255,False,below_threshold,Tentative,1,1,0,,,,{},False,True,"[[700.5, 531.5]]",,,,,,,,,8,propeller_3
0.27748799999999996,3,30,"[1251.0, 66.0]","[1222.0, 14.0, 1280.0, 118.0]",160930.5,6.0,24388,0.20618288168419255,,0.20618288168419255,False,below_threshold,Tentative,1,1,0,,,,{},False,True,"[[1251.0, 66.0]]",,,,,,,,,8,propeller_4
0.307488,0,32,"[997.0, 84.5]","[714.0, 0.0, 1280.0, 169.0]",3363603.0,3.0,498086,0.20618288168419255,,0.20618288168419255,False,below_threshold,Tentative,1,1,0,,,,{},False,True,"[[997.0, 84.5]]",,,,,,,,,9,propeller_1
0.307488,1,31,"[106.0, 376.5]","[0.0, 153.0, 212.0, 600.0]",1815957.0,3.0,507611,0.20618288168419255,,0.20618288168419255,False,below_threshold,Tentative,1,1,0,,,,{},False,True,"[[106.0, 376.5]]",,,,,,,,,9,propeller_2
0.307488,2,34,"[1168.0, 528.5]","[1056.0, 500.0, 1280.0, 557.0]",753142.5,3.0,46339,0.20618288168419255,,0.20618288168419255,False,below_threshold,Tentative,1,1,0,,,,{},False,True,"[[1168.0, 528.5]]",,,,,,,,,9,propeller_3
0.307488,3,33,"[867.0, 498.0]","[751.0, 472.0, 983.0, 524.0]",416491.5,4.0,32074,0.20618288168419255,,0.20618288168419255,False,below_threshold,Tentative,1,1,0,,,,{},False,True,"[[867.0, 498.0]]",,,,,,,,,9,propeller_4
0.337488,0,36,"[1086.0, 76.0]","[892.0, 0.0, 1280.0, 152.0]",2703229.5,3.0,367482,0.20618288168419255,,0.20618288168419255,False,below_threshold,Tentative,1,1,0,,,,{},False,True,"[[1086.0, 76.0]]",,,,,,,,,10,propeller_1
0.337488,1,35,"[312.0, 352.5]","[190.0, 125.0, 434.0, 580.0]",1888402.5,3.0,409642,0.20618288168419255,,0.20618288168419255,False,below_threshold,Tentative,1,1,0,,,,{},False,True,"[[312.0, 352.5]]",,,,,,,,,10,propeller_2
0.337488,2,37,"[1058.0, 480.5]","[937.0, 459.0, 1179.0, 502.0]",437427.0,3.0,31842,0.20618288168419255,,0.20618288168419255,False,below_threshold,Tentative,1,1,0,,,,{},False,True,"[[1058.0, 480.5]]",,,,,,,,,10,propeller_3
0.337488,3,38,"[1258.5, 511.5]","[1237.0, 495.0, 1280.0, 528.0]",55156.5,3.0,3256,0.20618288168419255,,0.20618288168419255,False,below_threshold,Tentative,1,1,0,,,,{},False,True,"[[1258.5, 511.5]]",,,,,,,,,10,propeller_4
0.36748800000000004,0,39,"[528.0, 352.0]","[394.0, 140.0, 662.0, 564.0]",2522817.0,3.0,374878,0.20618288168419255,,0.20618288168419255,False,below_threshold,Tentative,1,1,0,,,,{},False,True,"[[528.0, 352.0]]",,,,,,,,,11,propeller_1
0.36748800000000004,1,40,"[1181.0, 70.0]","[1082.0, 0.0, 1280.0, 140.0]",1197837.0,4.0,159198,0.20618288168419255,,0.20618288168419255,False,below_threshold,Tentative,1,1,0,,,,{},False,True,"[[1181.0, 70.0]]",,,,,,,,,11,propeller_2
0.36748800000000004,2,41,"[1208.5, 471.5]","[1137.0, 455.0, 1280.0, 488.0]",245590.5,3.0,16688,0.20618288168419255,,0.20618288168419255,False,below_threshold,Tentative,1,1,0,,,,{},False,True,"[[1208.5, 471.5]]",,,,,,,,,11,propeller_3
