frame,start_sec,end_sec,events,detections
0,0.007488,0.037488,412154,2
1,0.037488,0.06748799999999999,539565,4
2,0.06748799999999999,0.09748799999999999,680804,4
3,0.09748799999999999,0.127488,886735,4
4,0.127488,0.157488,1236793,3
5,0.157488,0.187488,1381193,4
6,0.187488,0.217488,1387363,3
7,0.217488,0.24748799999999999,1530761,4
8,0.24748799999999999,0.27748799999999996,1210465,4
9,0.27748799999999996,0.307488,1584898,4
10,0.307488,0.337488,1243591,4
11,0.337488,0.36748800000000004,946611,3
