acceleration,acceleration_norm,center,direction_change,effective_weights,hit,neighborhood_score,normalized_error,predicted_center,prediction_error,scenario,speed,timestamp,trajectory_score,velocity
,,"[0.0, 0.0]",,{},,,,,,Hover,,0,,
,,"[0.0, 0.0]",,{},,,,,,Hover,0.0,1,,"[0.0, 0.0]"
"[0.0, 0.0]",0.0,"[0.0, 0.0]",,"{""position"": 0.6666666666666666, ""acceleration"": 0.3333333333333333}",,,0.0,"[0.0, 0.0]",0.0,Hover,0.0,2,1.0,"[0.0, 0.0]"
"[0.0, 0.0]",0.0,"[0.0, 0.0]",,"{""position"": 0.6666666666666666, ""acceleration"": 0.3333333333333333}",,,0.0,"[0.0, 0.0]",0.0,Hover,0.0,3,1.0,"[0.0, 0.0]"
"[0.0, 0.0]",0.0,"[0.0, 0.0]",,"{""position"": 0.6666666666666666, ""acceleration"": 0.3333333333333333}",,,0.0,"[0.0, 0.0]",0.0,Hover,0.0,4,1.0,"[0.0, 0.0]"
"[0.0, 0.0]",0.0,"[0.0, 0.0]",,"{""position"": 0.6666666666666666, ""acceleration"": 0.3333333333333333}",,,0.0,"[0.0, 0.0]",0.0,Hover,0.0,5,1.0,"[0.0, 0.0]"
"[0.0, 0.0]",0.0,"[0.0, 0.0]",,"{""position"": 0.6666666666666666, ""acceleration"": 0.3333333333333333}",,,0.0,"[0.0, 0.0]",0.0,Hover,0.0,6,1.0,"[0.0, 0.0]"
"[0.0, 0.0]",0.0,"[0.0, 0.0]",,"{""position"": 0.6666666666666666, ""acceleration"": 0.3333333333333333}",,,0.0,"[0.0, 0.0]",0.0,Hover,0.0,7,1.0,"[0.0, 0.0]"
"[0.0, 0.0]",0.0,"[0.0, 0.0]",,"{""position"": 0.6666666666666666, ""acceleration"": 0.3333333333333333}",,,0.0,"[0.0, 0.0]",0.0,Hover,0.0,8,1.0,"[0.0, 0.0]"
"[0.0, 0.0]",0.0,"[0.0, 0.0]",,"{""position"": 0.6666666666666666, ""acceleration"": 0.3333333333333333}",,,0.0,"[0.0, 0.0]",0.0,Hover,0.0,9,1.0,"[0.0, 0.0]"
"[0.0, 0.0]",0.0,"[0.0, 0.0]",,"{""position"": 0.6666666666666666, ""acceleration"": 0.3333333333333333}",,,0.0,"[0.0, 0.0]",0.0,Hover,0.0,10,1.0,"[0.0, 0.0]"
"[0.0, 0.0]",0.0,"[0.0, 0.0]",,"{""position"": 0.6666666666666666, ""acceleration"": 0.3333333333333333}",,,0.0,"[0.0, 0.0]",0.0,Hover,0.0,11,1.0,"[0.0, 0.0]"
,,"[0.0, 0.0]",,{},,,,,,Constant velocity,,0,,
,,"[1.0, 0.0]",,{},,,,,,Constant velocity,1.0,1,,"[1.0, 0.0]"
"[0.0, 0.0]",0.0,"[2.0, 0.0]",4.472136140385347e-05,"{""position"": 0.5, ""direction"": 0.25, ""acceleration"": 0.25}",,,0.0,"[2.0, 0.0]",0.0,Constant velocity,1.0,2,0.9999999995,"[1.0, 0.0]"
"[0.0, 0.0]",0.0,"[3.0, 0.0]",4.472136140385347e-05,"{""position"": 0.5, ""direction"": 0.25, ""acceleration"": 0.25}",,,0.0,"[3.0, 0.0]",0.0,Constant velocity,1.0,3,0.9999999995,"[1.0, 0.0]"
"[0.0, 0.0]",0.0,"[4.0, 0.0]",4.472136140385347e-05,"{""position"": 0.5, ""direction"": 0.25, ""acceleration"": 0.25}",,,0.0,"[4.0, 0.0]",0.0,Constant velocity,1.0,4,0.9999999995,"[1.0, 0.0]"
"[0.0, 0.0]",0.0,"[5.0, 0.0]",4.472136140385347e-05,"{""position"": 0.5, ""direction"": 0.25, ""acceleration"": 0.25}",,,0.0,"[5.0, 0.0]",0.0,Constant velocity,1.0,5,0.9999999995,"[1.0, 0.0]"
"[0.0, 0.0]",0.0,"[6.0, 0.0]",4.472136140385347e-05,"{""position"": 0.5, ""direction"": 0.25, ""acceleration"": 0.25}",,,0.0,"[6.0, 0.0]",0.0,Constant velocity,1.0,6,0.9999999995,"[1.0, 0.0]"
"[0.0, 0.0]",0.0,"[7.0, 0.0]",4.472136140385347e-05,"{""position"": 0.5, ""direction"": 0.25, ""acceleration"": 0.25}",,,0.0,"[7.0, 0.0]",0.0,Constant velocity,1.0,7,0.9999999995,"[1.0, 0.0]"
"[0.0, 0.0]",0.0,"[8.0, 0.0]",4.472136140385347e-05,"{""position"": 0.5, ""direction"": 0.25, ""acceleration"": 0.25}",,,0.0,"[8.0, 0.0]",0.0,Constant velocity,1.0,8,0.9999999995,"[1.0, 0.0]"
"[0.0, 0.0]",0.0,"[9.0, 0.0]",4.472136140385347e-05,"{""position"": 0.5, ""direction"": 0.25, ""acceleration"": 0.25}",,,0.0,"[9.0, 0.0]",0.0,Constant velocity,1.0,9,0.9999999995,"[1.0, 0.0]"
"[0.0, 0.0]",0.0,"[10.0, 0.0]",4.472136140385347e-05,"{""position"": 0.5, ""direction"": 0.25, ""acceleration"": 0.25}",,,0.0,"[10.0, 0.0]",0.0,Constant velocity,1.0,10,0.9999999995,"[1.0, 0.0]"
"[0.0, 0.0]",0.0,"[11.0, 0.0]",4.472136140385347e-05,"{""position"": 0.5, ""direction"": 0.25, ""acceleration"": 0.25}",,,0.0,"[11.0, 0.0]",0.0,Constant velocity,1.0,11,0.9999999995,"[1.0, 0.0]"
,,"[0.0, 0.0]",,{},,,,,,Smooth turn,,0,,
,,"[1.0, 0.050000000000000044]",,{},,,,,,Smooth turn,1.0012492197250393,1,,"[1.0, 0.050000000000000044]"
"[0.0, 0.09999999999999987]",0.09999999999999987,"[2.0, 0.19999999999999996]",0.09893156183865624,"{""position"": 0.5, ""direction"": 0.25, ""acceleration"": 0.25}",,,0.04999999997499993,"[2.0, 0.10000000000000009]",0.09999999999999987,Smooth turn,1.0111874208078342,2,0.9938222974780779,"[1.0, 0.1499999999999999]"
"[0.0, 0.10000000000000026]",0.10000000000000026,"[3.0, 0.4500000000000001]",0.09608872547123617,"{""position"": 0.5, ""direction"": 0.25, ""acceleration"": 0.25}",,,0.049999999975000126,"[3.0, 0.34999999999999987]",0.10000000000000026,Smooth turn,1.0307764064044151,3,0.9939600534696247,"[1.0, 0.25000000000000017]"
"[0.0, 0.09999999999999976]",0.09999999999999976,"[4.0, 0.8]",0.09169616621785015,"{""position"": 0.5, ""direction"": 0.25, ""acceleration"": 0.25}",,,0.049999999974999876,"[4.0, 0.7000000000000003]",0.09999999999999976,Smooth turn,1.0594810050208545,4,0.9941650431487528,"[1.0, 0.3499999999999999]"
"[0.0, 0.10000000000000003]",0.10000000000000003,"[5.0, 1.25]",0.08617911670910114,"{""position"": 0.5, ""direction"": 0.25, ""acceleration"": 0.25}",,,0.04999999997500004,"[5.0, 1.15]",0.10000000000000009,Smooth turn,1.0965856099730653,5,0.9944089782272394,"[1.0, 0.44999999999999996]"
"[0.0, 0.10000000000000031]",0.10000000000000031,"[6.0, 1.8000000000000003]",0.07998929476294492,"{""position"": 0.5, ""direction"": 0.25, ""acceleration"": 0.25}",,,0.04999999997500015,"[6.0, 1.7]",0.10000000000000031,Smooth turn,1.141271221051333,6,0.9946647116598852,"[1.0, 0.5500000000000003]"
"[0.0, 0.09999999999999964]",0.09999999999999964,"[7.0, 2.45]",0.07353201963630153,"{""position"": 0.5, ""direction"": 0.25, ""acceleration"": 0.25}",,,0.04999999997499982,"[7.0, 2.3500000000000005]",0.09999999999999964,Smooth turn,1.1926860441876563,7,0.9949112522932142,"[1.0, 0.6499999999999999]"
"[0.0, 0.10000000000000009]",0.10000000000000009,"[8.0, 3.2]",0.06712589817958214,"{""position"": 0.5, ""direction"": 0.25, ""acceleration"": 0.25}",,,0.04999999997500004,"[8.0, 3.1]",0.10000000000000009,Smooth turn,1.25,8,0.995135399133514,"[1.0, 0.75]"
"[0.0, 0.09999999999999964]",0.09999999999999964,"[9.0, 4.05]",0.060992965430338046,"{""position"": 0.5, ""direction"": 0.25, ""acceleration"": 0.25}",,,0.04999999997499982,"[9.0, 3.95]",0.09999999999999964,Smooth turn,1.3124404748406684,9,0.9953308988449013,"[1.0, 0.8499999999999996]"
"[0.0, 0.10000000000000053]",0.10000000000000053,"[10.0, 5.0]",0.05526870061828352,"{""position"": 0.5, ""direction"": 0.25, ""acceleration"": 0.25}",,,0.049999999975000264,"[10.0, 4.8999999999999995]",0.10000000000000053,Smooth turn,1.3793114224133722,10,0.995496513926502,"[1.0, 0.9500000000000002]"
"[0.0, 0.10000000000000053]",0.10000000000000053,"[11.0, 6.050000000000001]",0.05002082768188929,"{""position"": 0.5, ""direction"": 0.25, ""acceleration"": 0.25}",,,0.049999999975000264,"[11.0, 5.95]",0.10000000000000053,Smooth turn,1.4500000000000006,11,0.9956340378454555,"[1.0, 1.0500000000000007]"
,,"[0.0, 3.0]",,{},,,,,,Position jumps,,0,,
,,"[1.0, -3.0]",,{},,,,,,Position jumps,6.082762530298219,1,,"[1.0, -6.0]"
"[0.0, 12.0]",12.0,"[2.0, 3.0]",2.8112952986817112,"{""position"": 0.5, ""direction"": 0.25, ""acceleration"": 0.25}",,,5.999999997,"[2.0, -9.0]",12.0,Position jumps,6.082762530298219,2,4.897779938899324e-25,"[1.0, 6.0]"
"[0.0, -12.0]",12.0,"[3.0, -3.0]",2.8112952986817112,"{""position"": 0.5, ""direction"": 0.25, ""acceleration"": 0.25}",,,5.999999997,"[3.0, 9.0]",12.0,Position jumps,6.082762530298219,3,4.897779938899324e-25,"[1.0, -6.0]"
"[0.0, 12.0]",12.0,"[4.0, 3.0]",2.8112952986817112,"{""position"": 0.5, ""direction"": 0.25, ""acceleration"": 0.25}",,,5.999999997,"[4.0, -9.0]",12.0,Position jumps,6.082762530298219,4,4.897779938899324e-25,"[1.0, 6.0]"
"[0.0, -12.0]",12.0,"[5.0, -3.0]",2.8112952986817112,"{""position"": 0.5, ""direction"": 0.25, ""acceleration"": 0.25}",,,5.999999997,"[5.0, 9.0]",12.0,Position jumps,6.082762530298219,5,4.897779938899324e-25,"[1.0, -6.0]"
"[0.0, 12.0]",12.0,"[6.0, 3.0]",2.8112952986817112,"{""position"": 0.5, ""direction"": 0.25, ""acceleration"": 0.25}",,,5.999999997,"[6.0, -9.0]",12.0,Position jumps,6.082762530298219,6,4.897779938899324e-25,"[1.0, 6.0]"
"[0.0, -12.0]",12.0,"[7.0, -3.0]",2.8112952986817112,"{""position"": 0.5, ""direction"": 0.25, ""acceleration"": 0.25}",,,5.999999997,"[7.0, 9.0]",12.0,Position jumps,6.082762530298219,7,4.897779938899324e-25,"[1.0, -6.0]"
"[0.0, 12.0]",12.0,"[8.0, 3.0]",2.8112952986817112,"{""position"": 0.5, ""direction"": 0.25, ""acceleration"": 0.25}",,,5.999999997,"[8.0, -9.0]",12.0,Position jumps,6.082762530298219,8,4.897779938899324e-25,"[1.0, 6.0]"
"[0.0, -12.0]",12.0,"[9.0, -3.0]",2.8112952986817112,"{""position"": 0.5, ""direction"": 0.25, ""acceleration"": 0.25}",,,5.999999997,"[9.0, 9.0]",12.0,Position jumps,6.082762530298219,9,4.897779938899324e-25,"[1.0, -6.0]"
"[0.0, 12.0]",12.0,"[10.0, 3.0]",2.8112952986817112,"{""position"": 0.5, ""direction"": 0.25, ""acceleration"": 0.25}",,,5.999999997,"[10.0, -9.0]",12.0,Position jumps,6.082762530298219,10,4.897779938899324e-25,"[1.0, 6.0]"
"[0.0, -12.0]",12.0,"[11.0, -3.0]",2.8112952986817112,"{""position"": 0.5, ""direction"": 0.25, ""acceleration"": 0.25}",,,5.999999997,"[11.0, 9.0]",12.0,Position jumps,6.082762530298219,11,4.897779938899324e-25,"[1.0, -6.0]"
,,,,,1,0.20618288168419255,,,,Continuous,,0,,
,,,,,1,0.38143833111575626,,,,Continuous,,1,,
,,,,,1,0.5304054631325853,,,,Continuous,,2,,
,,,,,1,0.65702752534689,,,,Continuous,,3,,
,,,,,1,0.7646562782290491,,,,Continuous,,4,,
,,,,,1,0.8561407181788843,,,,Continuous,,5,,
,,,,,1,0.9339024921362441,,,,Continuous,,6,,
,,,,,1,1.0,,,,Continuous,,7,,
,,,,,1,1.0,,,,Continuous,,8,,
,,,,,1,1.0,,,,Continuous,,9,,
,,,,,1,1.0,,,,Continuous,,10,,
,,,,,1,1.0,,,,Continuous,,11,,
,,,,,1,0.20618288168419255,,,,Short miss,,0,,
,,,,,1,0.38143833111575626,,,,Short miss,,1,,
,,,,,1,0.5304054631325853,,,,Short miss,,2,,
,,,,,0,0.4508446436626975,,,,Short miss,,3,,
,,,,,1,0.5894008287974855,,,,Short miss,,4,,
,,,,,1,0.7071735861620552,,,,Short miss,,5,,
,,,,,1,0.8072804299219394,,,,Short miss,,6,,
,,,,,1,0.8923712471178411,,,,Short miss,,7,,
,,,,,1,0.9085155600501649,,,,Short miss,,8,,
,,,,,1,0.9222382260426402,,,,Short miss,,9,,
,,,,,1,0.9339024921362441,,,,Short miss,,10,,
,,,,,1,1.0,,,,Short miss,,11,,
,,,,,1,0.20618288168419255,,,,Disappear,,0,,
,,,,,1,0.38143833111575626,,,,Disappear,,1,,
,,,,,1,0.5304054631325853,,,,Disappear,,2,,
,,,,,0,0.4508446436626975,,,,Disappear,,3,,
,,,,,0,0.3832179471132929,,,,Disappear,,4,,
,,,,,0,0.3257352550462989,,,,Disappear,,5,,
,,,,,0,0.2768749667893541,,,,Disappear,,6,,
,,,,,0,0.23534372177095098,,,,Disappear,,7,,
,,,,,0,0.1438592818211158,,,,Disappear,,8,,
,,,,,0,0.0660975078637559,,,,Disappear,,9,,
,,,,,0,0.0,,,,Disappear,,10,,
,,,,,0,0.0,,,,Disappear,,11,,
