split,method,protocol,frames,tp,fp,fn,precision,recall,f1
calibration,baseline,iou40,6521,11,6230,5800,0.0017625380547989103,0.0018929616245052486,0.0018254231662794558
calibration,baseline,iou50,6521,3,6238,5808,0.0004806921967633392,0.0005162622612287042,0.0004978426817125788
calibration,baseline,center,6521,4883,1358,928,0.7824066655984618,0.8403028738599209,0.8103219382675074
calibration,persistence,iou40,6521,7,4866,5804,0.0014364867638005335,0.0012046119428669765,0.0013103706476974915
calibration,persistence,iou50,6521,2,4871,5809,0.0004104247896572953,0.00034417484081913615,0.00037439161362785476
calibration,persistence,center,6521,4617,256,1194,0.9474656269238662,0.7945276200309758,0.8642830400599026
calibration,script,iou40,6521,10,1070,5801,0.009259259259259259,0.0017208742040956805,0.002902336380786533
calibration,script,iou50,6521,4,1076,5807,0.003703703703703704,0.0006883496816382723,0.0011609345523146133
calibration,script,center,6521,1015,65,4796,0.9398148148148148,0.1746687317157116,0.2945871426498331
holdout,baseline,iou40,9989,244,16083,14718,0.014944570343602621,0.01630798021654859,0.015596535523666464
holdout,baseline,iou50,9989,124,16203,14838,0.007594781650027561,0.008287662077262397,0.007926108216945253
holdout,baseline,center,9989,11268,5059,3694,0.6901451583266981,0.7531078732789734,0.7202531241011219
holdout,persistence,iou40,9989,241,12796,14721,0.01848584797115901,0.016107472263066434,0.01721490053216186
holdout,persistence,iou50,9989,122,12915,14840,0.009357981130628213,0.008153990108274296,0.008714596949891068
holdout,persistence,center,9989,10499,2538,4463,0.8053233105775869,0.7017110012030477,0.7499553555484124
holdout,script,iou40,9989,41,3130,14921,0.012929675181330811,0.0027402753642561156,0.004522141951138808
holdout,script,iou50,9989,1,3170,14961,0.000315357931251971,6.68359844940516e-05,0.00011029614514972701
holdout,script,center,9989,2275,896,12687,0.717439293598234,0.1520518647239674,0.25092373021562897
all,baseline,iou40,16510,255,22313,20518,0.01129918468628146,0.012275549992779088,0.011767148889042707
all,baseline,iou50,16510,127,22441,20646,0.005627437079049983,0.00611370529052135,0.005860501603562446
all,baseline,center,16510,16151,6417,4622,0.7156593406593407,0.777499638954412,0.7452989086546227
all,persistence,iou40,16510,248,17662,20525,0.013847012841987716,0.011938574110624368,0.012822169945454076
all,persistence,iou50,16510,124,17786,20649,0.006923506420993858,0.005969287055312184,0.006411084972727038
all,persistence,center,16510,15116,2794,5657,0.8439977666108319,0.7276753478072499,0.7815319390946928
all,script,iou40,16510,51,4200,20722,0.011997177134791814,0.0024551099985558175,0.004076086956521739
all,script,iou50,16510,5,4246,20768,0.0011761938367442955,0.0002406970586819429,0.000399616368286445
all,script,center,16510,3290,961,17483,0.7739355445777464,0.15837866461271843,0.26294757033248084
