mode,radius,threshold,tp,fp,fn,precision,recall,f1
neighborhood,10.0,0.0,4883,1358,928,0.7824066655984618,0.8403028738599209,0.8103219382675074
neighborhood,10.0,0.05,4883,1358,928,0.7824066655984618,0.8403028738599209,0.8103219382675074
neighborhood,10.0,0.1,4883,1358,928,0.7824066655984618,0.8403028738599209,0.8103219382675074
neighborhood,10.0,0.15000000000000002,4883,1358,928,0.7824066655984618,0.8403028738599209,0.8103219382675074
neighborhood,10.0,0.2,4883,1358,928,0.7824066655984618,0.8403028738599209,0.8103219382675074
neighborhood,10.0,0.25,4126,496,1685,0.8926871484205972,0.7100326966098778,0.7909517875970479
neighborhood,10.0,0.30000000000000004,4126,496,1685,0.8926871484205972,0.7100326966098778,0.7909517875970479
neighborhood,10.0,0.35000000000000003,4123,452,1688,0.9012021857923497,0.7095164343486491,0.7939533988060851
neighborhood,10.0,0.4,3945,233,1866,0.9442316898037338,0.678884873515746,0.7898688557413155
neighborhood,10.0,0.45,3942,197,1869,0.9524039623097367,0.6783686112545173,0.7923618090452261
neighborhood,10.0,0.5,3932,163,1879,0.9601953601953602,0.6766477370504216,0.7938623056733293
neighborhood,10.0,0.55,3796,88,2015,0.9773429454170958,0.6532438478747203,0.7830840639504899
neighborhood,10.0,0.6000000000000001,3778,64,2033,0.9833420093701197,0.6501462743073482,0.7827618356987465
neighborhood,10.0,0.65,3757,49,2054,0.987125591171834,0.6465324384787472,0.7813247374441094
neighborhood,10.0,0.7000000000000001,3618,23,2193,0.9936830541060149,0.6226122870418173,0.7655522640710961
neighborhood,10.0,0.75,3558,17,2253,0.9952447552447552,0.6122870418172431,0.758150436820797
neighborhood,10.0,0.8,3405,11,2406,0.9967798594847775,0.5859576664945793,0.7380513709764821
neighborhood,10.0,0.8500000000000001,3270,7,2541,0.9978638999084528,0.5627258647392875,0.7196302816901409
neighborhood,10.0,0.9,2959,4,2852,0.998650016874789,0.5092066769919119,0.6744928196945521
neighborhood,10.0,0.9500000000000001,2657,2,3154,0.9992478375329071,0.4572362760282223,0.6273907910271547
neighborhood,10.0,1.0,2657,2,3154,0.9992478375329071,0.4572362760282223,0.6273907910271547
trajectory,10.0,0.0,3945,233,1866,0.9442316898037338,0.678884873515746,0.7898688557413155
trajectory,10.0,0.05,3784,227,2027,0.943405634505111,0.6511787988298056,0.7705151700264712
trajectory,10.0,0.1,3743,226,2068,0.9430587049634669,0.6441232145930132,0.7654396728016359
trajectory,10.0,0.15000000000000002,3694,225,2117,0.942587394743557,0.6356909309929444,0.7593011305241522
trajectory,10.0,0.2,3648,225,2163,0.9419054996127033,0.6277749096541043,0.7534076827757125
trajectory,10.0,0.25,3604,225,2207,0.9412379211282319,0.6202030631560833,0.7477178423236515
trajectory,10.0,0.30000000000000004,3569,223,2242,0.9411919831223629,0.6141800034417484,0.7433093824846402
trajectory,10.0,0.35000000000000003,3515,223,2296,0.940342429106474,0.6048872827396318,0.7362027437428003
trajectory,10.0,0.4,3457,222,2354,0.939657515629247,0.5949062123558768,0.7285563751317176
trajectory,10.0,0.45,3409,220,2402,0.9393772389087903,0.5866460161762175,0.7222457627118644
trajectory,10.0,0.5,3334,220,2477,0.9380979178390546,0.5737394596454999,0.7120128136679125
trajectory,10.0,0.55,3248,219,2563,0.9368329968272282,0.558939941490277,0.7001508945893512
trajectory,10.0,0.6000000000000001,3147,219,2664,0.9349376114081996,0.5415591120289107,0.6858450474011115
trajectory,10.0,0.65,3038,219,2773,0.9327602087810869,0.5228015832042677,0.6700485222761359
trajectory,10.0,0.7000000000000001,2884,217,2927,0.9300225733634312,0.49630012046119426,0.6472172351885098
trajectory,10.0,0.75,2713,215,3098,0.9265710382513661,0.46687317157115815,0.6208948392264562
trajectory,10.0,0.8,2471,213,3340,0.9206408345752608,0.42522801583204267,0.5817539729252501
trajectory,10.0,0.8500000000000001,2177,211,3634,0.911641541038526,0.3746343142316297,0.531040370776924
trajectory,10.0,0.9,1768,209,4043,0.8942842690945878,0.3042505592841163,0.45403184386235235
trajectory,10.0,0.9500000000000001,1108,206,4703,0.8432267884322678,0.19067286181380141,0.31101754385964914
trajectory,10.0,1.0,0,202,5811,0.0,0.0,0.0
combined,10.0,0.0,4883,1358,928,0.7824066655984618,0.8403028738599209,0.8103219382675074
combined,10.0,0.05,4883,1358,928,0.7824066655984618,0.8403028738599209,0.8103219382675074
combined,10.0,0.1,4883,1358,928,0.7824066655984618,0.8403028738599209,0.8103219382675074
combined,10.0,0.15000000000000002,4883,1358,928,0.7824066655984618,0.8403028738599209,0.8103219382675074
combined,10.0,0.2,4883,1358,928,0.7824066655984618,0.8403028738599209,0.8103219382675074
combined,10.0,0.25,4124,496,1687,0.8926406926406927,0.7096885217690587,0.7907199693222127
combined,10.0,0.30000000000000004,4101,493,1710,0.892686112320418,0.7057305110996386,0.7882748678519942
combined,10.0,0.35000000000000003,4061,444,1750,0.9014428412874583,0.6988470142832559,0.7873206669251648
combined,10.0,0.4,3843,226,1968,0.9444580978127304,0.66133195663397,0.7779352226720648
combined,10.0,0.45,3787,225,2024,0.9439182452642074,0.6516950610910343,0.7710475414842716
combined,10.0,0.5,3725,222,2086,0.9437547504433748,0.6410256410256411,0.7634761221561795
combined,10.0,0.55,3627,219,2184,0.9430577223088924,0.6241610738255033,0.7511649580615097
combined,10.0,0.6000000000000001,3530,219,2281,0.94158442251267,0.6074685940457752,0.7384937238493724
combined,10.0,0.65,3433,216,2378,0.9408057001918334,0.5907761142660471,0.7257928118393234
combined,10.0,0.7000000000000001,3287,215,2524,0.9386065105653912,0.5656513508862502,0.705894985504134
combined,10.0,0.75,3105,141,2706,0.9565619223659889,0.5343314403717089,0.6856575024842663
combined,10.0,0.8,2869,56,2942,0.9808547008547008,0.4937188091550508,0.6568223443223443
combined,10.0,0.8500000000000001,2569,18,3242,0.9930421337456513,0.44209258303218035,0.6118123362705407
combined,10.0,0.9,2089,7,3722,0.9966603053435115,0.35949062123558767,0.5283925635512837
combined,10.0,0.9500000000000001,1377,2,4434,0.9985496736765772,0.23696437790397523,0.3830319888734353
combined,10.0,1.0,0,0,5811,,0.0,0.0
neighborhood,20.0,0.0,4883,1358,928,0.7824066655984618,0.8403028738599209,0.8103219382675074
neighborhood,20.0,0.05,4883,1358,928,0.7824066655984618,0.8403028738599209,0.8103219382675074
neighborhood,20.0,0.1,4883,1358,928,0.7824066655984618,0.8403028738599209,0.8103219382675074
neighborhood,20.0,0.15000000000000002,4883,1358,928,0.7824066655984618,0.8403028738599209,0.8103219382675074
neighborhood,20.0,0.2,4883,1358,928,0.7824066655984618,0.8403028738599209,0.8103219382675074
neighborhood,20.0,0.25,4727,542,1084,0.8971341810590245,0.8134572362760282,0.8532490974729242
neighborhood,20.0,0.30000000000000004,4727,542,1084,0.8971341810590245,0.8134572362760282,0.8532490974729242
neighborhood,20.0,0.35000000000000003,4723,496,1088,0.9049626365204062,0.81276888659439,0.856391659111514
neighborhood,20.0,0.4,4621,265,1190,0.9457634056487925,0.795215969712614,0.8639805552958774
neighborhood,20.0,0.45,4618,226,1193,0.9533443435177539,0.7946997074513853,0.866823087752229
neighborhood,20.0,0.5,4610,189,1201,0.9606167951656596,0.7933230080881087,0.8689915174363808
neighborhood,20.0,0.55,4527,112,1284,0.9758568657038155,0.7790397521941146,0.8664114832535885
neighborhood,20.0,0.6000000000000001,4506,87,1305,0.9810581319399085,0.7754259163655137,0.8662053056516724
neighborhood,20.0,0.65,4481,70,1330,0.98461876510657,0.7711237308552745,0.8648909476934955
neighborhood,20.0,0.7000000000000001,4362,39,1449,0.9911383776414451,0.7506453278265359,0.854289071680376
neighborhood,20.0,0.75,4293,29,1518,0.9932901434521055,0.7387712958182757,0.8473305042929044
neighborhood,20.0,0.8,4168,23,1643,0.9945120496301598,0.7172603682670797,0.8334333133373325
neighborhood,20.0,0.8500000000000001,3993,16,1818,0.9960089797954602,0.6871450696954052,0.8132382892057026
neighborhood,20.0,0.9,3648,12,2163,0.9967213114754099,0.6277749096541043,0.7703515996198923
neighborhood,20.0,0.9500000000000001,3283,9,2528,0.99726609963548,0.564963001204612,0.7213006701087553
neighborhood,20.0,1.0,3283,9,2528,0.99726609963548,0.564963001204612,0.7213006701087553
trajectory,20.0,0.0,4621,265,1190,0.9457634056487925,0.795215969712614,0.8639805552958774
trajectory,20.0,0.05,4386,251,1425,0.9458701746819064,0.7547754259163655,0.8395865237366003
trajectory,20.0,0.1,4338,249,1473,0.9457161543492478,0.7465152297367063,0.8343912290825158
trajectory,20.0,0.15000000000000002,4296,247,1515,0.9456306405458947,0.7392875580795044,0.8298242225226965
trajectory,20.0,0.2,4245,244,1566,0.9456449097794609,0.7305110996386164,0.8242718446601942
trajectory,20.0,0.25,4193,243,1618,0.9452209197475203,0.7215625537773189,0.8183858690348395
trajectory,20.0,0.30000000000000004,4138,242,1673,0.9447488584474886,0.7120977456547927,0.8120890982239231
trajectory,20.0,0.35000000000000003,4095,241,1716,0.9444188191881919,0.7046979865771812,0.8071351138267469
trajectory,20.0,0.4,4041,238,1770,0.9443795279270858,0.6954052658750646,0.8009910802775024
trajectory,20.0,0.45,3963,236,1848,0.9437961419385568,0.6819824470831182,0.7918081918081918
trajectory,20.0,0.5,3892,234,1919,0.9432864760058167,0.6697642402340389,0.7833350105665694
trajectory,20.0,0.55,3824,232,1987,0.9428007889546351,0.6580622956461882,0.7751089490219925
trajectory,20.0,0.6000000000000001,3721,230,2090,0.9417868893950898,0.6403372913440027,0.7623437820118828
trajectory,20.0,0.65,3589,230,2222,0.9397748101597276,0.6176217518499397,0.7453790238836968
trajectory,20.0,0.7000000000000001,3456,230,2355,0.9376017362995117,0.5947341249354672,0.7278087817205433
trajectory,20.0,0.75,3249,227,2562,0.9346950517836594,0.5591120289106867,0.6996877355443093
trajectory,20.0,0.8,3027,225,2784,0.9308118081180812,0.5209086215797625,0.6679907315458458
trajectory,20.0,0.8500000000000001,2690,223,3121,0.9234466186062479,0.46291516090173807,0.6166895919303071
trajectory,20.0,0.9,2231,221,3580,0.9098694942903752,0.38392703493374636,0.5399975795715841
trajectory,20.0,0.9500000000000001,1465,215,4346,0.8720238095238095,0.2521080709000172,0.39113602990254975
trajectory,20.0,1.0,0,202,5811,0.0,0.0,0.0
combined,20.0,0.0,4883,1358,928,0.7824066655984618,0.8403028738599209,0.8103219382675074
combined,20.0,0.05,4883,1358,928,0.7824066655984618,0.8403028738599209,0.8103219382675074
combined,20.0,0.1,4883,1358,928,0.7824066655984618,0.8403028738599209,0.8103219382675074
combined,20.0,0.15000000000000002,4883,1358,928,0.7824066655984618,0.8403028738599209,0.8103219382675074
combined,20.0,0.2,4883,1358,928,0.7824066655984618,0.8403028738599209,0.8103219382675074
combined,20.0,0.25,4723,539,1088,0.8975674648422654,0.81276888659439,0.8530660164363768
combined,20.0,0.30000000000000004,4705,536,1106,0.8977294409463843,0.8096713130270178,0.8514296055012668
combined,20.0,0.35000000000000003,4670,481,1141,0.9066200737720831,0.8036482533126829,0.8520343003101624
combined,20.0,0.4,4523,246,1288,0.9484168588802684,0.7783514025124764,0.8550094517958412
combined,20.0,0.45,4459,243,1352,0.9483198638877074,0.767337807606264,0.8482830780937887
combined,20.0,0.5,4393,243,1418,0.9475841242450388,0.7559800378592325,0.8410069876519575
combined,20.0,0.55,4240,240,1571,0.9464285714285714,0.7296506625365686,0.8240209892138762
combined,20.0,0.6000000000000001,4146,236,1665,0.9461433135554541,0.7134744450180692,0.8134994604140097
combined,20.0,0.65,4032,234,1779,0.9451476793248945,0.6938564790913784,0.8002381661208693
combined,20.0,0.7000000000000001,3912,227,1899,0.9451558347426915,0.6732059886422302,0.7863316582914572
combined,20.0,0.75,3718,152,2093,0.9607235142118863,0.639821029082774,0.768102468753228
combined,20.0,0.8,3479,66,2332,0.9813822284908321,0.5986921356048873,0.7436938862761864
combined,20.0,0.8500000000000001,3173,24,2638,0.9924929621520175,0.5460333849595594,0.7044849023090586
combined,20.0,0.9,2666,14,3145,0.994776119402985,0.45878506281190845,0.6279590154281003
combined,20.0,0.9500000000000001,1769,7,4042,0.9960585585585585,0.3044226467045259,0.46632397522077235
combined,20.0,1.0,0,0,5811,,0.0,0.0
neighborhood,40.0,0.0,4883,1358,928,0.7824066655984618,0.8403028738599209,0.8103219382675074
neighborhood,40.0,0.05,4883,1358,928,0.7824066655984618,0.8403028738599209,0.8103219382675074
neighborhood,40.0,0.1,4883,1358,928,0.7824066655984618,0.8403028738599209,0.8103219382675074
neighborhood,40.0,0.15000000000000002,4883,1358,928,0.7824066655984618,0.8403028738599209,0.8103219382675074
neighborhood,40.0,0.2,4883,1358,928,0.7824066655984618,0.8403028738599209,0.8103219382675074
neighborhood,40.0,0.25,4803,575,1008,0.8930829304574192,0.8265358802271554,0.8585217624452587
neighborhood,40.0,0.30000000000000004,4803,575,1008,0.8930829304574192,0.8265358802271554,0.8585217624452587
neighborhood,40.0,0.35000000000000003,4797,527,1014,0.9010142749812171,0.825503355704698,0.8616075437808711
neighborhood,40.0,0.4,4712,294,1099,0.9412704754294846,0.8108759249698847,0.8712212258482019
neighborhood,40.0,0.45,4709,256,1102,0.9484390735146022,0.810359662708656,0.8739792130660727
neighborhood,40.0,0.5,4698,216,1113,0.9560439560439561,0.8084667010841508,0.8760839160839161
neighborhood,40.0,0.55,4627,133,1184,0.9720588235294118,0.7962484942350714,0.875413868129789
neighborhood,40.0,0.6000000000000001,4603,104,1208,0.9779052475037179,0.7921183961452418,0.875261456550675
neighborhood,40.0,0.65,4574,86,1237,0.9815450643776824,0.7871278609533643,0.8736510361952058
neighborhood,40.0,0.7000000000000001,4458,47,1353,0.9895671476137625,0.7671657201858544,0.8642884839084917
neighborhood,40.0,0.75,4381,34,1430,0.9922989807474518,0.7539149888143176,0.8568355173088207
neighborhood,40.0,0.8,4263,26,1548,0.9939379808813243,0.7336086732059887,0.8441584158415841
neighborhood,40.0,0.8500000000000001,4071,17,1740,0.9958414872798435,0.7005678884873515,0.8225073239721183
neighborhood,40.0,0.9,3708,12,2103,0.9967741935483871,0.6381001548786783,0.7780925401322002
neighborhood,40.0,0.9500000000000001,3327,9,2484,0.9973021582733813,0.572534847702633,0.7274516234831092
neighborhood,40.0,1.0,3327,9,2484,0.9973021582733813,0.572534847702633,0.7274516234831092
trajectory,40.0,0.0,4712,294,1099,0.9412704754294846,0.8108759249698847,0.8712212258482019
trajectory,40.0,0.05,4468,262,1343,0.9446088794926004,0.7688865943899501,0.8477374063181862
trajectory,40.0,0.1,4415,257,1396,0.9449914383561644,0.759765961108243,0.8423161308785653
trajectory,40.0,0.15000000000000002,4371,255,1440,0.9448767833981842,0.752194114610222,0.8375970106352401
trajectory,40.0,0.2,4321,252,1490,0.9448939427071944,0.7435897435897436,0.8322419106317411
trajectory,40.0,0.25,4273,250,1538,0.9447269511386248,0.7353295474100843,0.8269789045868009
trajectory,40.0,0.30000000000000004,4215,248,1596,0.9444319964149676,0.7253484770263294,0.8205178119525015
trajectory,40.0,0.35000000000000003,4166,247,1645,0.944029005211874,0.7169161934262606,0.814945226917058
trajectory,40.0,0.4,4119,243,1692,0.9442916093535075,0.7088280846670109,0.8097906222353288
trajectory,40.0,0.45,4039,240,1772,0.9439121290021033,0.6950610910342454,0.8005946481665015
trajectory,40.0,0.5,3962,239,1849,0.9431087836229469,0.6818103596627086,0.7914502596883739
trajectory,40.0,0.55,3893,236,1918,0.9428433034633084,0.6699363276544484,0.7832997987927566
trajectory,40.0,0.6000000000000001,3793,235,2018,0.9416583912611718,0.6527275856134916,0.7710133143612156
trajectory,40.0,0.65,3660,233,2151,0.9401489853583355,0.6298399586990191,0.754328112118714
trajectory,40.0,0.7000000000000001,3520,233,2291,0.9379163335997869,0.6057477198416795,0.7360936846507737
trajectory,40.0,0.75,3315,230,2496,0.9351198871650211,0.5704697986577181,0.708636169303121
trajectory,40.0,0.8,3079,228,2732,0.9310553371635923,0.52985716744106,0.6753674051327045
trajectory,40.0,0.8500000000000001,2744,225,3067,0.9242169080498485,0.47220788160385474,0.6250569476082004
trajectory,40.0,0.9,2272,223,3539,0.9106212424849699,0.3909826191705386,0.5470744040452685
trajectory,40.0,0.9500000000000001,1508,217,4303,0.8742028985507246,0.2595078299776286,0.4002123142250531
trajectory,40.0,1.0,0,202,5811,0.0,0.0,0.0
combined,40.0,0.0,4883,1358,928,0.7824066655984618,0.8403028738599209,0.8103219382675074
combined,40.0,0.05,4883,1358,928,0.7824066655984618,0.8403028738599209,0.8103219382675074
combined,40.0,0.1,4883,1358,928,0.7824066655984618,0.8403028738599209,0.8103219382675074
combined,40.0,0.15000000000000002,4883,1358,928,0.7824066655984618,0.8403028738599209,0.8103219382675074
combined,40.0,0.2,4883,1358,928,0.7824066655984618,0.8403028738599209,0.8103219382675074
combined,40.0,0.25,4797,571,1014,0.893628912071535,0.825503355704698,0.8582162984166741
combined,40.0,0.30000000000000004,4778,561,1033,0.8949241430979584,0.8222336947169162,0.8570403587443947
combined,40.0,0.35000000000000003,4740,499,1071,0.9047528154227906,0.8156943727413526,0.857918552036199
combined,40.0,0.4,4617,256,1194,0.9474656269238662,0.7945276200309758,0.8642830400599026
combined,40.0,0.45,4546,252,1265,0.9474781158816173,0.7823094131818964,0.8570082005844095
combined,40.0,0.5,4476,249,1335,0.9473015873015873,0.7702632937532267,0.8496583143507973
combined,40.0,0.55,4318,244,1493,0.9465146865409908,0.7430734813285149,0.8325460329702111
combined,40.0,0.6000000000000001,4215,239,1596,0.946340368208352,0.7253484770263294,0.8212372138334145
combined,40.0,0.65,4099,237,1712,0.9453413284132841,0.7053863362588195,0.8079235241943431
combined,40.0,0.7000000000000001,3979,230,1832,0.9453551912568307,0.6847358458096713,0.7942115768463074
combined,40.0,0.75,3787,155,2024,0.9606798579401319,0.6516950610910343,0.7765815646467753
combined,40.0,0.8,3551,68,2260,0.9812102790826195,0.6110824298743762,0.7531283138918345
combined,40.0,0.8500000000000001,3234,24,2577,0.992633517495396,0.5565307176045431,0.7131988091300033
combined,40.0,0.9,2713,14,3098,0.9948661532819949,0.46687317157115815,0.6355118294682596
combined,40.0,0.9500000000000001,1805,7,4006,0.9961368653421634,0.31061779383927035,0.47356683720320086
combined,40.0,1.0,0,0,5811,,0.0,0.0
