sequence,mode,protocol,tp,fp,fn,precision,recall,f1,frames
51,neighborhood,iou40,2,5283,5843,0.0003784295175023652,0.00034217279726261765,0.00035938903863432165,3220
51,neighborhood,iou50,1,5284,5844,0.0001892147587511826,0.00017108639863130882,0.00017969451931716083,3220
51,neighborhood,center,3971,1314,1874,0.7513718070009461,0.6793840889649273,0.7135669362084457,3220
51,trajectory,iou40,2,3780,5843,0.0005288207297726071,0.00034217279726261765,0.00041549807832138777,3220
51,trajectory,iou50,1,3781,5844,0.00026441036488630354,0.00017108639863130882,0.00020774903916069389,3220
51,trajectory,center,3016,766,2829,0.7974616604970914,0.5159965782720274,0.6265711021086527,3220
65,neighborhood,iou40,7,4098,5897,0.001705237515225335,0.0011856368563685636,0.0013987411329803177,3433
65,neighborhood,iou50,4,4101,5900,0.00097442143727162,0.0006775067750677507,0.0007992806474173244,3433
65,neighborhood,center,3751,354,2153,0.9137637028014617,0.6353319783197832,0.749525427115596,3433
65,trajectory,iou40,5,3461,5899,0.0014425851125216388,0.0008468834688346884,0.0010672358591248667,3433
65,trajectory,iou50,4,3462,5900,0.001154068090017311,0.0006775067750677507,0.0008537886872998933,3433
65,trajectory,center,3277,189,2627,0.9454702827466821,0.5550474254742548,0.6994663820704375,3433
93,neighborhood,iou40,234,4263,2979,0.05203468979319546,0.07282913165266107,0.060700389105058365,3336
93,neighborhood,iou50,119,4378,3094,0.026462085835001113,0.037037037037037035,0.030869001297016863,3336
93,neighborhood,center,3077,1420,136,0.6842339337336002,0.9576719576719577,0.7981841763942932,3336
93,trajectory,iou40,231,3031,2982,0.07081545064377683,0.0718954248366013,0.07135135135135136,3336
93,trajectory,iou50,117,3145,3096,0.035867565910484366,0.036414565826330535,0.03613899613899614,3336
93,trajectory,center,2482,780,731,0.7608828939301042,0.7724867724867724,0.7666409266409266,3336
