sequence,split,mode,protocol,tp,fp,fn,precision,recall,f1,frames
8,calibration,baseline,iou40,3,2605,2815,0.0011503067484662577,0.0010645848119233499,0.0011057869517139699,3141
8,calibration,baseline,iou50,1,2607,2817,0.0003834355828220859,0.00035486160397445,0.00036859565057132326,3141
8,calibration,baseline,center,2341,267,477,0.8976226993865031,0.8307310149041873,0.8628824179874678,3141
8,calibration,neighborhood,iou40,2,2303,2816,0.0008676789587852494,0.0007097232079489,0.0007807925043919579,3141
8,calibration,neighborhood,iou50,1,2304,2817,0.0004338394793926247,0.00035486160397445,0.00039039625219597894,3141
8,calibration,neighborhood,center,2262,43,556,0.9813449023861172,0.8026969481902059,0.8830763224673043,3141
8,calibration,trajectory,iou40,2,2310,2816,0.0008650519031141869,0.0007097232079489,0.0007797270955165692,3141
8,calibration,trajectory,iou50,1,2311,2817,0.00043252595155709344,0.00035486160397445,0.0003898635477582846,3141
8,calibration,trajectory,center,2268,44,550,0.9809688581314879,0.8048261178140526,0.8842105263157894,3141
8,calibration,combined,iou40,2,2250,2816,0.0008880994671403197,0.0007097232079489,0.0007889546351084812,3141
8,calibration,combined,iou50,1,2251,2817,0.0004440497335701599,0.00035486160397445,0.0003944773175542406,3141
8,calibration,combined,center,2227,25,591,0.988898756660746,0.7902767920511,0.8785009861932939,3141
20,calibration,baseline,iou40,8,3625,2985,0.002202036884117809,0.0026729034413631807,0.0024147298520977964,3380
20,calibration,baseline,iou50,2,3631,2991,0.0005505092210294523,0.0006682258603407952,0.0006036824630244491,3380
20,calibration,baseline,center,2542,1091,451,0.6996972199284338,0.8493150684931506,0.7672804105040748,3380
20,calibration,neighborhood,iou40,5,2604,2988,0.0019164430816404753,0.001670564650851988,0.001785076758300607,3380
20,calibration,neighborhood,iou50,1,2608,2992,0.0003832886163280951,0.0003341129301703976,0.0003570153516601214,3380
20,calibration,neighborhood,center,2436,173,557,0.9336910693752396,0.8138990978950885,0.8696893966440556,3380
20,calibration,trajectory,iou40,5,2689,2988,0.001855976243504083,0.001670564650851988,0.0017583963425356075,3380
20,calibration,trajectory,iou50,1,2693,2992,0.0003711952487008166,0.0003341129301703976,0.0003516792685071215,3380
20,calibration,trajectory,center,2444,250,549,0.9072011878247959,0.8165720013364517,0.859504132231405,3380
20,calibration,combined,iou40,5,2616,2988,0.0019076688286913392,0.001670564650851988,0.0017812611328820805,3380
20,calibration,combined,iou50,1,2620,2992,0.00038153376573826786,0.0003341129301703976,0.0003562522265764161,3380
20,calibration,combined,center,2390,231,603,0.9118657001144601,0.7985299031072502,0.8514428215176345,3380
51,holdout,baseline,iou40,2,6060,5843,0.0003299241174529858,0.00034217279726261765,0.0003359368438733518,3220
51,holdout,baseline,iou50,1,6061,5844,0.0001649620587264929,0.00017108639863130882,0.0001679684219366759,3220
51,holdout,baseline,center,4212,1850,1633,0.6948201913559882,0.7206159110350727,0.7074829931972789,3220
51,holdout,neighborhood,iou40,2,5207,5843,0.0003839508542906508,0.00034217279726261765,0.0003618599601954044,3220
51,holdout,neighborhood,iou50,1,5208,5844,0.0001919754271453254,0.00017108639863130882,0.0001809299800977022,3220
51,holdout,neighborhood,center,3935,1274,1910,0.7554233058168555,0.6732249786142002,0.7119594716844582,3220
51,holdout,trajectory,iou40,2,5283,5843,0.0003784295175023652,0.00034217279726261765,0.00035938903863432165,3220
51,holdout,trajectory,iou50,1,5284,5844,0.0001892147587511826,0.00017108639863130882,0.00017969451931716083,3220
51,holdout,trajectory,center,3971,1314,1874,0.7513718070009461,0.6793840889649273,0.7135669362084457,3220
51,holdout,combined,iou40,2,4953,5843,0.0004036326942482341,0.00034217279726261765,0.00037037037037037035,3220
51,holdout,combined,iou50,1,4954,5844,0.00020181634712411706,0.00017108639863130882,0.00018518518518518518,3220
51,holdout,combined,center,3821,1134,2024,0.7711402623612512,0.653721129170231,0.7075925925925926,3220
65,holdout,baseline,iou40,8,4858,5896,0.0016440608302507192,0.0013550135501355014,0.0014856081708449396,3433
65,holdout,baseline,iou50,4,4862,5900,0.0008220304151253596,0.0006775067750677507,0.0007428040854224698,3433
65,holdout,baseline,center,3947,919,1957,0.8111385121249486,0.668529810298103,0.7329619312906221,3433
65,holdout,neighborhood,iou40,7,4046,5897,0.0017271157167530224,0.0011856368563685636,0.0014060459977904992,3433
65,holdout,neighborhood,iou50,4,4049,5900,0.0009869232667160128,0.0006775067750677507,0.0008034548558802853,3433
65,holdout,neighborhood,center,3726,327,2178,0.9193190229459659,0.6310975609756098,0.7484181982524857,3433
65,holdout,trajectory,iou40,7,4098,5897,0.001705237515225335,0.0011856368563685636,0.0013987411329803177,3433
65,holdout,trajectory,iou50,4,4101,5900,0.00097442143727162,0.0006775067750677507,0.0007992806474173244,3433
65,holdout,trajectory,center,3751,354,2153,0.9137637028014617,0.6353319783197832,0.749525427115596,3433
65,holdout,combined,iou40,7,3904,5897,0.0017898235745333673,0.0011856368563685636,0.0014263881813550688,3433
65,holdout,combined,iou50,4,3907,5900,0.0010227563283047815,0.0006775067750677507,0.000815078960774325,3433
65,holdout,combined,center,3656,255,2248,0.9347992840705702,0.6192411924119241,0.744982170147733,3433
93,holdout,baseline,iou40,234,5165,2979,0.04334135951102056,0.07282913165266107,0.0543427775197399,3336
93,holdout,baseline,iou50,119,5280,3094,0.022041118725689944,0.037037037037037035,0.027635856943799348,3336
93,holdout,baseline,center,3109,2290,104,0.575847379144286,0.9676314970432618,0.7220157919182536,3336
93,holdout,neighborhood,iou40,234,4183,2979,0.05297713380122255,0.07282913165266107,0.061336828309305376,3336
93,holdout,neighborhood,iou50,119,4298,3094,0.02694136291600634,0.037037037037037035,0.031192660550458717,3336
93,holdout,neighborhood,center,3074,1343,139,0.6959474756622142,0.9567382508558979,0.8057667103538663,3336
93,holdout,trajectory,iou40,234,4263,2979,0.05203468979319546,0.07282913165266107,0.060700389105058365,3336
93,holdout,trajectory,iou50,119,4378,3094,0.026462085835001113,0.037037037037037035,0.030869001297016863,3336
93,holdout,trajectory,center,3077,1420,136,0.6842339337336002,0.9576719576719577,0.7981841763942932,3336
93,holdout,combined,iou40,232,3939,2981,0.05562215296092064,0.07220666044195456,0.0628385698808234,3336
93,holdout,combined,iou50,117,4054,3096,0.028050827139774633,0.036414565826330535,0.03169014084507042,3336
93,holdout,combined,center,3022,1149,191,0.7245264924478543,0.9405539993775288,0.8185265438786565,3336
