split,mode,protocol,frames,tp,fp,fn,precision,recall,f1
calibration,baseline,iou40,6521,11,6230,5800,0.0017625380547989103,0.0018929616245052486,0.0018254231662794558
calibration,baseline,iou50,6521,3,6238,5808,0.0004806921967633392,0.0005162622612287042,0.0004978426817125788
calibration,baseline,center,6521,4883,1358,928,0.7824066655984618,0.8403028738599209,0.8103219382675074
calibration,neighborhood,iou40,6521,7,4907,5804,0.0014245014245014246,0.0012046119428669765,0.0013053613053613054
calibration,neighborhood,iou50,6521,2,4912,5809,0.000407000407000407,0.00034417484081913615,0.00037296037296037296
calibration,neighborhood,center,6521,4698,216,1113,0.9560439560439561,0.8084667010841508,0.8760839160839161
calibration,trajectory,iou40,6521,7,4999,5804,0.0013983220135836995,0.0012046119428669765,0.0012942590367014885
calibration,trajectory,iou50,6521,2,5004,5809,0.00039952057530962844,0.00034417484081913615,0.00036978829620042526
calibration,trajectory,center,6521,4712,294,1099,0.9412704754294846,0.8108759249698847,0.8712212258482019
calibration,combined,iou40,6521,7,4866,5804,0.0014364867638005335,0.0012046119428669765,0.0013103706476974915
calibration,combined,iou50,6521,2,4871,5809,0.0004104247896572953,0.00034417484081913615,0.00037439161362785476
calibration,combined,center,6521,4617,256,1194,0.9474656269238662,0.7945276200309758,0.8642830400599026
holdout,baseline,iou40,9989,244,16083,14718,0.014944570343602621,0.01630798021654859,0.015596535523666464
holdout,baseline,iou50,9989,124,16203,14838,0.007594781650027561,0.008287662077262397,0.007926108216945253
holdout,baseline,center,9989,11268,5059,3694,0.6901451583266981,0.7531078732789734,0.7202531241011219
holdout,neighborhood,iou40,9989,243,13436,14719,0.017764456466115946,0.016241144232054538,0.01696868126112915
holdout,neighborhood,iou50,9989,124,13555,14838,0.00906499013085752,0.008287662077262397,0.008658915540658497
holdout,neighborhood,center,9989,10735,2944,4227,0.7847795891512538,0.7174842935436438,0.7496246639432981
holdout,trajectory,iou40,9989,243,13644,14719,0.017498379779650033,0.016241144232054538,0.01684633782800097
holdout,trajectory,iou50,9989,124,13763,14838,0.00892921437315475,0.008287662077262397,0.008596485146798848
holdout,trajectory,center,9989,10799,3088,4163,0.777633758191114,0.7217617965512632,0.7486567991958126
holdout,combined,iou40,9989,241,12796,14721,0.01848584797115901,0.016107472263066434,0.01721490053216186
holdout,combined,iou50,9989,122,12915,14840,0.009357981130628213,0.008153990108274296,0.008714596949891068
holdout,combined,center,9989,10499,2538,4463,0.8053233105775869,0.7017110012030477,0.7499553555484124
all,baseline,iou40,16510,255,22313,20518,0.01129918468628146,0.012275549992779088,0.011767148889042707
all,baseline,iou50,16510,127,22441,20646,0.005627437079049983,0.00611370529052135,0.005860501603562446
all,baseline,center,16510,16151,6417,4622,0.7156593406593407,0.777499638954412,0.7452989086546227
all,neighborhood,iou40,16510,250,18343,20523,0.013445920507717958,0.012034852934097146,0.012701315856322715
all,neighborhood,iou50,16510,126,18467,20647,0.006776743935889851,0.006065565878784962,0.006401463191586648
all,neighborhood,center,16510,15433,3160,5340,0.830043564782445,0.742935541327685,0.7840776304425139
all,trajectory,iou40,16510,250,18643,20523,0.013232414121632351,0.012034852934097146,0.012605253869812937
all,trajectory,iou50,16510,126,18767,20647,0.006669136717302705,0.006065565878784962,0.006353047950385721
all,trajectory,center,16510,15511,3382,5262,0.8209919017625575,0.7466904154431233,0.7820803710986739
all,combined,iou40,16510,248,17662,20525,0.013847012841987716,0.011938574110624368,0.012822169945454076
all,combined,iou50,16510,124,17786,20649,0.006923506420993858,0.005969287055312184,0.006411084972727038
all,combined,center,16510,15116,2794,5657,0.8439977666108319,0.7276753478072499,0.7815319390946928
