sequence,mode,windows,mean_ms,p95_ms,baseline_candidates,accepted
8,neighborhood,3491,0.013398529610358364,0.021478976123034954,2896,2558
8,trajectory,3491,0.011708898004544598,0.02199946902692318,2896,2567
8,combined,3491,0.013014533021040442,0.02393807517364621,2896,2502
20,neighborhood,3757,0.01725414541661779,0.027583190239965916,4024,2896
20,trajectory,3757,0.017062504106519275,0.028092227876186364,4024,2989
20,combined,3757,0.01995757247956154,0.03233316820114851,4024,2912
51,neighborhood,3579,0.04544305226360412,0.07355775451287626,6744,5789
51,trajectory,3579,0.034448050509500214,0.053963065147399895,6744,5873
51,combined,3579,0.04030662799812489,0.07687908364459872,6744,5504
65,neighborhood,3816,0.022596648937692587,0.04054154851473868,5424,4497
65,trajectory,3816,0.05132305655853952,0.11141650611534715,5424,4555
65,combined,3816,0.022258682628464838,0.046885310439392924,5424,4336
93,neighborhood,3708,0.025825429443539216,0.0473726424388587,5994,4895
93,trajectory,3708,0.027427545453782447,0.04912320291623468,5994,4982
93,combined,3708,0.030746795215715272,0.0564016110729426,5994,4628
